{"Test:0": {"input": {"T": 0.0, "KoF": "K"}, "output": {"C": -273.15}}, 
"Test:1": {"input": {"T": 25.50541052196536, "KoF": "K"}, "output": {"C": -247.64458947803462}}, 
"Test:2": {"input": {"T": -459.67, "KoF": "F"}, "output": {"C": -273.15}}, 
"Test:3": {"input": {"T": 172.78915488762027, "KoF": "F"}, "output": {"C": 78.21619715978903}}}